Neighborhood,Price,Bedrooms,Bathrooms,House Size,Description
Westwood,"$1,200,000",4,3,"2,500 sqft","This stunning 4-bedroom, 3-bathroom home in Westwood boasts a spacious open floor plan, perfect for entertaining. The property features a chef's kitchen with stainless steel appliances, a large master suite with a walk-in closet, and a backyard oasis with a pool and spa. The neighborhood of Westwood is known for its excellent schools, tree-lined streets, and proximity to trendy restaurants and shops."
Brentwood,"$2,500,000",5,4,"3,800 sqft","Nestled in the heart of Brentwood, this luxurious 5-bedroom, 4-bathroom home boasts high-end finishes and an open-concept floor plan. The property features a gourmet kitchen with top-of-the-line appliances, a spacious master suite with a fireplace and balcony, and a backyard with a built-in BBQ and fire pit. The neighborhood of Brentwood is known for its upscale shops and restaurants, excellent schools, and easy access to the beach."
Santa Monica,"$1,800,000",3,2,"1,800 sqft","This charming 3-bedroom, 2-bathroom home in Santa Monica features a bright and airy living room with a fireplace, a gourmet kitchen with stainless steel appliances, and a backyard with a deck and hot tub. The property also includes a detached guest house with a full bathroom. The neighborhood of Santa Monica is known for its beautiful beaches, trendy shops and restaurants, and vibrant nightlife."
Venice,"$1,500,000",2,2,"1,500 sqft","Located in the heart of Venice, this stunning 2-bedroom, 2-bathroom home features an open-concept living space with high ceilings and skylights, a gourmet kitchen with stainless steel appliances, and a backyard with a built-in BBQ and fire pit. The property also includes a detached studio with a full bathroom. The neighborhood of Venice is known for its eclectic mix of shops and restaurants, beautiful canals, and vibrant arts scene."
Marina Del Rey,"$1,700,000",3,3,"2,200 sqft","This beautiful 3-bedroom, 3-bathroom home in Marina Del Rey features a spacious living room with a fireplace, a gourmet kitchen with stainless steel appliances, and a backyard with a built-in BBQ and fire pit. The property also includes a rooftop deck with stunning views of the marina. The neighborhood of Marina Del Rey is known for its beautiful beaches, excellent restaurants, and easy access to boating and water sports."
Culver City,"$1,000,000",2,2,"1,200 sqft","This charming 2-bedroom, 2-bathroom home in Culver City features a bright and airy living room with a fireplace, a gourmet kitchen with stainless steel appliances, and a backyard with a deck and hot tub. The property also includes a detached studio with a full bathroom. The neighborhood of Culver City is known for its excellent schools, trendy shops and restaurants, and easy access to downtown LA."
Playa Vista,"$1,600,000",4,3,"2,500 sqft","Located in the heart of Playa Vista, this stunning 4-bedroom, 3-bathroom home features an open-concept living space with high ceilings and skylights, a gourmet kitchen with stainless steel appliances, and a backyard with a built-in BBQ and fire pit. The property also includes a detached studio with a full bathroom. The neighborhood of Playa Vista is known for its beautiful parks, excellent schools, and easy access to the beach."
Westchester,"$900,000",3,2,"1,500 sqft","This charming 3-bedroom, 2-bathroom home in Westchester features a bright and airy living room with a fireplace, a gourmet kitchen with stainless steel appliances, and a backyard with a deck and hot tub. The property also includes a detached studio with a full bathroom. The neighborhood of Westchester is known for its excellent schools, beautiful parks, and easy access to LAX."
Pacific Palisades,"$3,000,000",5,4,"4,000 sqft","Nestled in the hills of Pacific Palisades, this luxurious 5-bedroom, 4-bathroom home boasts high-end finishes and stunning views of the ocean. The property features a gourmet kitchen with top-of-the-line appliances, a spacious master suite with a fireplace and balcony, and a backyard with a built-in BBQ and fire pit. The neighborhood of Pacific Palisades is known for its upscale shops and restaurants, beautiful beaches, and easy access to hiking trails."
Beverly Hills,"$5,000,000",6,5,"5,500 sqft","This stunning 6-bedroom, 5-bathroom home in Beverly Hills features high-end finishes and an open-concept floor plan. The property includes a gourmet kitchen with top-of-the-line appliances, a spacious master suite with a fireplace and balcony, and a backyard with a pool and spa. The neighborhood of Beverly Hills is known for its luxurious shops and restaurants, beautiful parks, and celebrity sightings."
Hollywood Hills,"$2,000,000",4,3,"3,000 sqft","Located in the heart of the Hollywood Hills, this stunning 4-bedroom, 3-bathroom home features an open-concept living space with high ceilings and skylights, a gourmet kitchen with stainless steel appliances, and a backyard with a built-in BBQ and fire pit. The property also includes a detached studio with a full bathroom. The neighborhood of Hollywood Hills is known for its stunning views of the city, trendy shops and restaurants, and vibrant nightlife."
Silver Lake,"$1,400,000",3,2,"1,800 sqft","This charming 3-bedroom, 2-bathroom home in Silver Lake features a bright and airy living room with a fireplace, a gourmet kitchen with stainless steel appliances, and a backyard with a deck and hot tub. The property also includes a detached studio with a full bathroom. The neighborhood of Silver Lake is known for its trendy shops and restaurants, beautiful parks, and vibrant arts scene."
Echo Park,"$1,100,000",2,2,"1,200 sqft","This charming 2-bedroom, 2-bathroom home in Echo Park features a bright and airy living room with a fireplace, a gourmet kitchen with stainless steel appliances, and a backyard with a deck and hot tub. The property also includes a detached studio with a full bathroom. The neighborhood of Echo Park is known for its trendy shops and restaurants, beautiful parks, and vibrant arts scene."
Los Feliz,"$1,900,000",4,3,"2,500 sqft","Located in the heart of Los Feliz, this stunning 4-bedroom, 3-bathroom home features an open-concept living space with high ceilings and skylights, a gourmet kitchen with stainless steel appliances, and a backyard with a built-in BBQ and fire pit. The property also includes a detached studio with a full bathroom. The neighborhood of Los Feliz is known for its beautiful parks, trendy shops and restaurants, and easy access to Griffith Park."
Downtown LA,"$1,300,000",2,2,"1,500 sqft","This stunning 2-bedroom, 2-bathroom loft in Downtown LA features high ceilings, exposed brick walls, and an open-concept living space. The property includes a gourmet kitchen with stainless steel appliances, a spacious master suite with a walk-in closet, and a rooftop deck with stunning views of the city. The neighborhood of Downtown LA is known for its vibrant arts scene, trendy shops and restaurants, and easy access to public transportation."
